"Status","Start Time","Stop Time","Duration in ms","Parent Suite","Suite","Sub Suite","Test Class","Test Method","Name","Description"
"passed","Thu Oct 01 12:07:30 UTC 2026","Thu Oct 01 12:07:31 UTC 2026","895","","com.valdeci.apitests.tests.users.UserTests","","com.valdeci.apitests.tests.users.UserTests","shouldCreateUserSuccessfully","shouldCreateUserSuccessfully()",""
"passed","Thu Oct 01 12:07:34 UTC 2026","Thu Oct 01 12:07:34 UTC 2026","139","","com.valdeci.apitests.tests.products.ProductTests","","com.valdeci.apitests.tests.products.ProductTests","shouldListProductsAndValidateSchema","shouldListProductsAndValidateSchema()",""
"passed","Thu Oct 01 12:07:33 UTC 2026","Thu Oct 01 12:07:33 UTC 2026","85","","com.valdeci.apitests.tests.auth.AuthTests","","com.valdeci.apitests.tests.auth.AuthTests","shouldReturn400WithEmptyFields","shouldReturn400WithEmptyFields()","Deve retornar 400 ao enviar campos obrigatórios vazios"
"passed","Thu Oct 01 12:07:34 UTC 2026","Thu Oct 01 12:07:35 UTC 2026","461","","com.valdeci.apitests.tests.products.ProductTests","","com.valdeci.apitests.tests.products.ProductTests","shouldExecuteFullProductLifecycle","shouldExecuteFullProductLifecycle()",""
"passed","Thu Oct 01 12:07:34 UTC 2026","Thu Oct 01 12:07:34 UTC 2026","96","","com.valdeci.apitests.tests.products.ProductTests","","com.valdeci.apitests.tests.products.ProductTests","shouldReturn401WhenCreatingProductWithoutToken","shouldReturn401WhenCreatingProductWithoutToken()",""
"passed","Thu Oct 01 12:07:32 UTC 2026","Thu Oct 01 12:07:32 UTC 2026","122","","com.valdeci.apitests.tests.users.UserTests","","com.valdeci.apitests.tests.users.UserTests","shouldReturn400WithInvalidUserId","shouldReturn400WithInvalidUserId()",""
"passed","Thu Oct 01 12:07:33 UTC 2026","Thu Oct 01 12:07:33 UTC 2026","97","","com.valdeci.apitests.tests.auth.AuthTests","","com.valdeci.apitests.tests.auth.AuthTests","shouldReturn401WithInvalidEmail","shouldReturn401WithInvalidEmail()","Deve retornar 401 ao tentar login com email não cadastrado"
"passed","Thu Oct 01 12:07:33 UTC 2026","Thu Oct 01 12:07:34 UTC 2026","189","","com.valdeci.apitests.tests.products.ProductTests","","com.valdeci.apitests.tests.products.ProductTests","shouldCreateProductSuccessfully","shouldCreateProductSuccessfully()",""
"passed","Thu Oct 01 12:07:32 UTC 2026","Thu Oct 01 12:07:32 UTC 2026","112","","com.valdeci.apitests.tests.users.UserTests","","com.valdeci.apitests.tests.users.UserTests","shouldDeleteUserSuccessfully","shouldDeleteUserSuccessfully()",""
"passed","Thu Oct 01 12:07:33 UTC 2026","Thu Oct 01 12:07:33 UTC 2026","101","","com.valdeci.apitests.tests.auth.AuthTests","","com.valdeci.apitests.tests.auth.AuthTests","shouldReturn401WithWrongPassword","shouldReturn401WithWrongPassword()","Deve retornar 401 ao tentar login com senha incorreta"
"passed","Thu Oct 01 12:07:32 UTC 2026","Thu Oct 01 12:07:32 UTC 2026","138","","com.valdeci.apitests.tests.users.UserTests","","com.valdeci.apitests.tests.users.UserTests","shouldGetUserById","shouldGetUserById()",""
"passed","Thu Oct 01 12:07:34 UTC 2026","Thu Oct 01 12:07:34 UTC 2026","98","","com.valdeci.apitests.tests.products.ProductTests","","com.valdeci.apitests.tests.products.ProductTests","shouldDeleteProductSuccessfully","shouldDeleteProductSuccessfully()",""
"passed","Thu Oct 01 12:07:33 UTC 2026","Thu Oct 01 12:07:33 UTC 2026","90","","com.valdeci.apitests.tests.auth.AuthTests","","com.valdeci.apitests.tests.auth.AuthTests","tokenShouldBeValid","tokenShouldBeValid()","Token retornado deve ser utilizável em endpoints protegidos"
"passed","Thu Oct 01 12:07:31 UTC 2026","Thu Oct 01 12:07:32 UTC 2026","617","","com.valdeci.apitests.tests.users.UserTests","","com.valdeci.apitests.tests.users.UserTests","shouldGetAllUsersAndValidateSchema","shouldGetAllUsersAndValidateSchema()",""
"passed","Thu Oct 01 12:07:34 UTC 2026","Thu Oct 01 12:07:34 UTC 2026","101","","com.valdeci.apitests.tests.products.ProductTests","","com.valdeci.apitests.tests.products.ProductTests","shouldReturn400WithInvalidProductId","shouldReturn400WithInvalidProductId()",""
"passed","Thu Oct 01 12:07:31 UTC 2026","Thu Oct 01 12:07:31 UTC 2026","101","","com.valdeci.apitests.tests.users.UserTests","","com.valdeci.apitests.tests.users.UserTests","shouldReturn400WhenEmailIsMissing","shouldReturn400WhenEmailIsMissing()",""
"passed","Thu Oct 01 12:07:32 UTC 2026","Thu Oct 01 12:07:32 UTC 2026","106","","com.valdeci.apitests.tests.users.UserTests","","com.valdeci.apitests.tests.users.UserTests","shouldUpdateUserSuccessfully","shouldUpdateUserSuccessfully()",""
"passed","Thu Oct 01 12:07:34 UTC 2026","Thu Oct 01 12:07:34 UTC 2026","101","","com.valdeci.apitests.tests.products.ProductTests","","com.valdeci.apitests.tests.products.ProductTests","shouldGetProductById","shouldGetProductById()",""
"passed","Thu Oct 01 12:07:33 UTC 2026","Thu Oct 01 12:07:33 UTC 2026","120","","com.valdeci.apitests.tests.auth.AuthTests","","com.valdeci.apitests.tests.auth.AuthTests","shouldLoginWithValidCredentials","shouldLoginWithValidCredentials()","Deve realizar login com sucesso e retornar token Bearer"
"passed","Thu Oct 01 12:07:32 UTC 2026","Thu Oct 01 12:07:33 UTC 2026","498","","com.valdeci.apitests.tests.users.UserTests","","com.valdeci.apitests.tests.users.UserTests","shouldExecuteFullUserLifecycle","shouldExecuteFullUserLifecycle()",""
"passed","Thu Oct 01 12:07:31 UTC 2026","Thu Oct 01 12:07:31 UTC 2026","121","","com.valdeci.apitests.tests.users.UserTests","","com.valdeci.apitests.tests.users.UserTests","shouldReturn400WhenEmailAlreadyExists","shouldReturn400WhenEmailAlreadyExists()",""
"passed","Thu Oct 01 12:07:34 UTC 2026","Thu Oct 01 12:07:34 UTC 2026","99","","com.valdeci.apitests.tests.products.ProductTests","","com.valdeci.apitests.tests.products.ProductTests","shouldUpdateProductSuccessfully","shouldUpdateProductSuccessfully()",""
